<NETWORK>
<VARIABLE>
	<NAME>E</NAME>
	<OUTCOME>T</OUTCOME>
	<OUTCOME>F</OUTCOME>
</VARIABLE>

<VARIABLE>
	<NAME>B</NAME>
	<OUTCOME>T</OUTCOME>
	<OUTCOME>F</OUTCOME>
</VARIABLE>

<VARIABLE>
	<NAME>A</NAME>
	<OUTCOME>T</OUTCOME>
	<OUTCOME>F</OUTCOME>
</VARIABLE>

<VARIABLE>
	<NAME>J</NAME>
	<OUTCOME>T</OUTCOME>
	<OUTCOME>F</OUTCOME>
</VARIABLE>

<VARIABLE>
	<NAME>M</NAME>
	<OUTCOME>T</OUTCOME>
	<OUTCOME>F</OUTCOME>
</VARIABLE>

<DEFINITION>
	<FOR>E</FOR>
	<TABLE>0.002 0.998</TABLE>
</DEFINITION>

<DEFINITION>
	<FOR>B</FOR>
	<TABLE>0.001 0.999</TABLE>
</DEFINITION>

<DEFINITION>
	<FOR>A</FOR>
	<GIVEN>E</GIVEN>
	<GIVEN>B</GIVEN>
	<TABLE>0.95 0.05 0.29 0.71 0.94 0.06 0.001 0.999</TABLE>
</DEFINITION>

<DEFINITION>
	<FOR>J</FOR>
	<GIVEN>A</GIVEN>
	<TABLE>0.9 0.1 0.05 0.95</TABLE>
</DEFINITION>

<DEFINITION>
	<FOR>M</FOR>
	<GIVEN>A</GIVEN>
	<TABLE>0.7 0.3 0.01 0.99</TABLE>
</DEFINITION>
</NETWORK>