<NETWORK>
<VARIABLE>
	<NAME>A2</NAME>
	<OUTCOME>T</OUTCOME>
	<OUTCOME>F</OUTCOME>
</VARIABLE>

<VARIABLE>
	<NAME>B1</NAME>
	<OUTCOME>T</OUTCOME>
	<OUTCOME>F</OUTCOME>
</VARIABLE>

<VARIABLE>
	<NAME>B2</NAME>
	<OUTCOME>T</OUTCOME>
	<OUTCOME>F</OUTCOME>
</VARIABLE>

<VARIABLE>
	<NAME>C1</NAME>
	<OUTCOME>T</OUTCOME>
	<OUTCOME>F</OUTCOME>
</VARIABLE>

<VARIABLE>
	<NAME>C2</NAME>
	<OUTCOME>v1</OUTCOME>
	<OUTCOME>v2</OUTCOME>
	<OUTCOME>v3</OUTCOME>
</VARIABLE>

<VARIABLE>
	<NAME>C3</NAME>
	<OUTCOME>T</OUTCOME>
	<OUTCOME>F</OUTCOME>
</VARIABLE>

<VARIABLE>
	<NAME>D1</NAME>
	<OUTCOME>T</OUTCOME>
	<OUTCOME>F</OUTCOME>
</VARIABLE>

<VARIABLE>
	<NAME>B0</NAME>
	<OUTCOME>v1</OUTCOME>
	<OUTCOME>v2</OUTCOME>
	<OUTCOME>v3</OUTCOME>
</VARIABLE>

<VARIABLE>
	<NAME>B3</NAME>
	<OUTCOME>T</OUTCOME>
	<OUTCOME>F</OUTCOME>
</VARIABLE>

<VARIABLE>
	<NAME>A1</NAME>
	<OUTCOME>T</OUTCOME>
	<OUTCOME>F</OUTCOME>
</VARIABLE>

<VARIABLE>
	<NAME>A3</NAME>
	<OUTCOME>T</OUTCOME>
	<OUTCOME>F</OUTCOME>
</VARIABLE>

<DEFINITION>
	<FOR>A2</FOR>
	<TABLE>0.09 0.91</TABLE>
</DEFINITION>

<DEFINITION>
	<FOR>B1</FOR>
	<GIVEN>A2</GIVEN>
	<TABLE>0.9 0.1 0.05 0.95</TABLE>
</DEFINITION>

<DEFINITION>
	<FOR>B2</FOR>
	<GIVEN>A2</GIVEN>
	<TABLE>0.6 0.4 0.7 0.3</TABLE>
</DEFINITION>

<DEFINITION>
	<FOR>C1</FOR>
	<GIVEN>B1</GIVEN>
	<GIVEN>B2</GIVEN>
	<GIVEN>C2</GIVEN>
	<GIVEN>C3</GIVEN>
	<GIVEN>A1</GIVEN>
	<TABLE>0.5 0.5 0.3 0.7 0.6 0.4 0.9 0.1 0.1 0.9 0.4 0.6 0.7 0.3 0.95 0.05 0.2 0.8 0.5 0.5 0.8 0.2 0.05 0.95 0.88 0.12 0.55 0.45 0.22 0.78 0.15 0.85 0.77 0.23 0.44 0.56 0.11 0.89 0.25 0.75 0.66 0.34 0.33 0.67 0.02 0.98 0.35 0.65 0.45 0.55 0.75 0.25 0.1 0.9 0.2 0.8 0.55 0.45 0.85 0.15 0.1 0.9 0.3 0.7 0.65 0.35 0.95 0.05 0.2 0.8 0.3 0.7 0.4 0.6 0.5 0.5 0.7 0.3 0.8 0.2 0.4 0.6 0.6 0.4 0.7 0.3 0.9 0.1 0.5 0.5 0.6 0.4 0.8 0.2 0.9 0.1</TABLE>
</DEFINITION>

<DEFINITION>
	<FOR>C2</FOR>
	<GIVEN>B2</GIVEN>
	<GIVEN>B3</GIVEN>
	<TABLE>0.5 0.33 0.17 0.02 0.25 0.73 0.2 0.01 0.79 0.4 0.3 0.3</TABLE>
</DEFINITION>

<DEFINITION>
	<FOR>C3</FOR>
	<GIVEN>B1</GIVEN>
	<GIVEN>B0</GIVEN>
	<TABLE>0.25 0.75 0.2 0.8 0.3 0.7 0.55 0.45 0.28 0.72 0.45 0.55</TABLE>
</DEFINITION>

<DEFINITION>
	<FOR>D1</FOR>
	<GIVEN>C1</GIVEN>
	<GIVEN>C2</GIVEN>
	<GIVEN>C3</GIVEN>
	<GIVEN>A3</GIVEN>
	<TABLE>0.1 0.9 0.4 0.6 0.7 0.3 0.95 0.05 0.2 0.8 0.5 0.5 0.8 0.2 0.85 0.15 0.3 0.7 0.6 0.4 0.9 0.1 0.75 0.25 0.65 0.35 0.35 0.65 0.05 0.95 0.33 0.67 0.55 0.45 0.25 0.75 0.11 0.89 0.44 0.56 0.45 0.55 0.15 0.85 0.22 0.78 0.55 0.45</TABLE>
</DEFINITION>

<DEFINITION>
	<FOR>B0</FOR>
	<GIVEN>A1</GIVEN>
	<TABLE>0.1 0.15 0.75 0.24 0.48 0.28</TABLE>
</DEFINITION>

<DEFINITION>
	<FOR>B3</FOR>
	<GIVEN>A3</GIVEN>
	<TABLE>0.5 0.5 0.1 0.9</TABLE>
</DEFINITION>

<DEFINITION>
	<FOR>A1</FOR>
	<TABLE>0.2 0.8</TABLE>
</DEFINITION>

<DEFINITION>
	<FOR>A3</FOR>
	<TABLE>0.75 0.25</TABLE>
</DEFINITION>
</NETWORK>