<NETWORK>
<VARIABLE>
	<NAME>S</NAME>
	<OUTCOME>T</OUTCOME>
	<OUTCOME>F</OUTCOME>
</VARIABLE>

<VARIABLE>
	<NAME>R</NAME>
	<OUTCOME>T</OUTCOME>
	<OUTCOME>F</OUTCOME>
</VARIABLE>

<VARIABLE>
	<NAME>G</NAME>
	<OUTCOME>T</OUTCOME>
	<OUTCOME>F</OUTCOME>
</VARIABLE>

<DEFINITION>
	<FOR>S</FOR>
	<GIVEN>R</GIVEN>
	<TABLE>0.01 0.99 0.4 0.6</TABLE>
</DEFINITION>

<DEFINITION>
	<FOR>R</FOR>
	<TABLE>0.2 0.8</TABLE>
</DEFINITION>

<DEFINITION>
	<FOR>G</FOR>
	<GIVEN>S</GIVEN>
	<GIVEN>R</GIVEN>
	<TABLE>0.99 0.01 0.9 0.1 0.8 0.2 0.0 1.0</TABLE>
</DEFINITION>
</NETWORK>