<NETWORK>
<VARIABLE>
	<NAME>M</NAME>
	<OUTCOME>Y</OUTCOME>
	<OUTCOME>N</OUTCOME>
</VARIABLE>

<VARIABLE>
	<NAME>N</NAME>
	<OUTCOME>T</OUTCOME>
	<OUTCOME>F</OUTCOME>
</VARIABLE>

<VARIABLE>
	<NAME>S</NAME>
	<OUTCOME>bad</OUTCOME>
	<OUTCOME>good</OUTCOME>
	<OUTCOME>ok</OUTCOME>
</VARIABLE>

<VARIABLE>
	<NAME>F</NAME>
	<OUTCOME>nice</OUTCOME>
	<OUTCOME>boring</OUTCOME>
	<OUTCOME>annoying</OUTCOME>
</VARIABLE>

<DEFINITION>
	<FOR>M</FOR>
	<GIVEN>N</GIVEN>
	<GIVEN>S</GIVEN>
	<GIVEN>F</GIVEN>
	<TABLE>0.4 0.6 0.25 0.75 0.2 0.8 0.99 0.01 0.82 0.18 0.3 0.7 0.8 0.2 0.77 0.23 0.25 0.75 0.3 0.7 0.002 0.998 0.0 1.0 0.75 0.25 0.15 0.85 0.005 0.995 0.6 0.4 0.1 0.9 0.1 0.9</TABLE>
</DEFINITION>

<DEFINITION>
	<FOR>N</FOR>
	<GIVEN>F</GIVEN>
	<TABLE>0.8 0.2 0.65 0.35 0.05 0.95</TABLE>
</DEFINITION>

<DEFINITION>
	<FOR>S</FOR>
	<TABLE>0.2 0.4 0.4</TABLE>
</DEFINITION>

<DEFINITION>
	<FOR>F</FOR>
	<TABLE>0.6 0.3 0.1</TABLE>
</DEFINITION>
</NETWORK>
