<NETWORK>
<VARIABLE>
	<NAME>G</NAME>
	<OUTCOME>low</OUTCOME>
	<OUTCOME>medium</OUTCOME>
	<OUTCOME>high</OUTCOME>
</VARIABLE>

<VARIABLE>
	<NAME>B</NAME>
	<OUTCOME>T</OUTCOME>
	<OUTCOME>F</OUTCOME>
</VARIABLE>

<VARIABLE>
	<NAME>F</NAME>
	<OUTCOME>sometimes</OUTCOME>
	<OUTCOME>always</OUTCOME>
	<OUTCOME>never</OUTCOME>
</VARIABLE>

<VARIABLE>
	<NAME>H</NAME>
	<OUTCOME>T</OUTCOME>
	<OUTCOME>F</OUTCOME>
</VARIABLE>

<DEFINITION>
	<FOR>G</FOR>
	<GIVEN>B</GIVEN>
	<GIVEN>F</GIVEN>
	<TABLE>0.15 0.3 0.55 0.8 0.1 0.1 0.3 0.4 0.3 0.25 0.45 0.3 0.6 0.2 0.2 0.3 0.5 0.2</TABLE>
</DEFINITION>

<DEFINITION>
	<FOR>B</FOR>
	<TABLE>0.5 0.5</TABLE>
</DEFINITION>

<DEFINITION>
	<FOR>F</FOR>
	<TABLE>0.5 0.3 0.2</TABLE>
</DEFINITION>

<DEFINITION>
	<FOR>H</FOR>
	<GIVEN>G</GIVEN>
	<TABLE>0.6 0.4 0.1 0.9 0.2 0.8</TABLE>
</DEFINITION>
</NETWORK>
