<NETWORK>
<VARIABLE>
	<NAME>A</NAME>
	<OUTCOME>T</OUTCOME>
	<OUTCOME>F</OUTCOME>
</VARIABLE>

<VARIABLE>
	<NAME>B</NAME>
	<OUTCOME>set</OUTCOME>
	<OUTCOME>noset</OUTCOME>
	<OUTCOME>maybe</OUTCOME>
</VARIABLE>

<VARIABLE>
	<NAME>C</NAME>
	<OUTCOME>go</OUTCOME>
	<OUTCOME>stay</OUTCOME>
	<OUTCOME>run</OUTCOME>
</VARIABLE>

<DEFINITION>
	<FOR>A</FOR>
	<TABLE>0.1 0.9</TABLE>
</DEFINITION>

<DEFINITION>
	<FOR>B</FOR>
	<TABLE>0.2 0.5 0.3</TABLE>
</DEFINITION>

<DEFINITION>
	<FOR>C</FOR>
	<GIVEN>A</GIVEN>
	<GIVEN>B</GIVEN>
	<TABLE>0.25 0.7 0.05 0.2 0.6 0.2 0.3 0.2 0.5 0.55 0.15 0.3 0.28 0.3 0.42 0.45 0.25 0.3</TABLE>
</DEFINITION>

</NETWORK>