<NETWORK>
<VARIABLE>
	<NAME>A</NAME>
	<OUTCOME>T</OUTCOME>
	<OUTCOME>F</OUTCOME>
</VARIABLE>

<VARIABLE>
	<NAME>B</NAME>
	<OUTCOME>T</OUTCOME>
	<OUTCOME>F</OUTCOME>
</VARIABLE>

<VARIABLE>
	<NAME>C</NAME>
	<OUTCOME>T</OUTCOME>
	<OUTCOME>F</OUTCOME>
</VARIABLE>

<VARIABLE>
	<NAME>D</NAME>
	<OUTCOME>T</OUTCOME>
	<OUTCOME>F</OUTCOME>
</VARIABLE>

<VARIABLE>
	<NAME>E</NAME>
	<OUTCOME>one</OUTCOME>
	<OUTCOME>two</OUTCOME>
</VARIABLE>

<VARIABLE>
	<NAME>F</NAME>
	<OUTCOME>one</OUTCOME>
	<OUTCOME>two</OUTCOME>
	<OUTCOME>three</OUTCOME>
</VARIABLE>

<VARIABLE>
	<NAME>G</NAME>
	<OUTCOME>one</OUTCOME>
	<OUTCOME>two</OUTCOME>
</VARIABLE>

<VARIABLE>
	<NAME>H</NAME>
	<OUTCOME>yes</OUTCOME>
	<OUTCOME>no</OUTCOME>
</VARIABLE>

<VARIABLE>
	<NAME>I</NAME>
	<OUTCOME>ken</OUTCOME>
	<OUTCOME>lo</OUTCOME>
	<OUTCOME>shahor</OUTCOME>
	<OUTCOME>lavan</OUTCOME>
</VARIABLE>

<DEFINITION>
	<FOR>A</FOR>
	<TABLE>0.1 0.9</TABLE>
</DEFINITION>

<DEFINITION>
	<FOR>B</FOR>
	<GIVEN>A</GIVEN>
	<TABLE>0.2 0.8 0.4 0.6</TABLE>
</DEFINITION>

<DEFINITION>
	<FOR>C</FOR>
	<GIVEN>A</GIVEN>
	<TABLE>0.25 0.75 0.45 0.55</TABLE>
</DEFINITION>

<DEFINITION>
	<FOR>D</FOR>
	<GIVEN>A</GIVEN>
	<TABLE>0.22 0.78 0.42 0.58</TABLE>
</DEFINITION>

<DEFINITION>
	<FOR>E</FOR>
	<GIVEN>B</GIVEN>
	<TABLE>0.12 0.88 0.32 0.68</TABLE>
</DEFINITION>

<DEFINITION>
	<FOR>F</FOR>
	<GIVEN>B</GIVEN>
	<GIVEN>C</GIVEN>
	<GIVEN>D</GIVEN>
	<TABLE>0.3 0.4 0.3 0.4 0.42 0.18 0.29 0.43 0.28 0.1 0.1 0.8 0.5 0.13 0.37 0.14 0.34 0.52 0.9 0.05 0.05 0.08 0.7 0.22</TABLE>
</DEFINITION>

<DEFINITION>
	<FOR>G</FOR>
	<GIVEN>D</GIVEN>
	<TABLE>0.52 0.48 0.73 0.27</TABLE>
</DEFINITION>

<DEFINITION>
	<FOR>H</FOR>
	<GIVEN>E</GIVEN>
	<TABLE>0.22 0.78 0.63 0.37</TABLE>
</DEFINITION>

<DEFINITION>
	<FOR>I</FOR>
	<GIVEN>F</GIVEN>
	<GIVEN>G</GIVEN>
	<TABLE>0.3 0.4 0.2 0.1 0.13 0.14 0.14 0.59 0.23 0.24 0.1 0.43 0.5 0.4 0.01 0.09 0.42 0.31 0.05 0.22 0.09 0.2 0.5 0.21</TABLE>
</DEFINITION>
</NETWORK>