<NETWORK>
<VARIABLE>
	<NAME>A</NAME>
	<OUTCOME>T</OUTCOME>
	<OUTCOME>F</OUTCOME>
</VARIABLE>

<VARIABLE>
	<NAME>C</NAME>
	<OUTCOME>T</OUTCOME>
	<OUTCOME>F</OUTCOME>
</VARIABLE>

<VARIABLE>
	<NAME>D</NAME>
	<OUTCOME>T</OUTCOME>
	<OUTCOME>F</OUTCOME>
</VARIABLE>

<VARIABLE>
	<NAME>F</NAME>
	<OUTCOME>T</OUTCOME>
	<OUTCOME>F</OUTCOME>
</VARIABLE>

<VARIABLE>
	<NAME>B</NAME>
	<OUTCOME>T</OUTCOME>
	<OUTCOME>F</OUTCOME>
</VARIABLE>

<VARIABLE>
	<NAME>E</NAME>
	<OUTCOME>T</OUTCOME>
	<OUTCOME>F</OUTCOME>
</VARIABLE>

<VARIABLE>
	<NAME>G</NAME>
	<OUTCOME>T</OUTCOME>
	<OUTCOME>F</OUTCOME>
</VARIABLE>

<DEFINITION>
	<FOR>A</FOR>
	<TABLE>0.3 0.7</TABLE>
</DEFINITION>

<DEFINITION>
	<FOR>C</FOR>
	<GIVEN>A</GIVEN>
	<TABLE>0.2 0.8 0.0 1.0</TABLE>
</DEFINITION>

<DEFINITION>
	<FOR>D</FOR>
	<GIVEN>A</GIVEN>
	<GIVEN>B</GIVEN>
	<TABLE>0.4 0.6 0.55 0.45 0.1 0.9 0.2 0.8</TABLE>
</DEFINITION>

<DEFINITION>
	<FOR>F</FOR>
	<GIVEN>C</GIVEN>
	<GIVEN>D</GIVEN>
	<TABLE>0.5 0.5 0.1 0.9 0.2 0.8 0.5 0.5</TABLE>
</DEFINITION>

<DEFINITION>
	<FOR>B</FOR>
	<TABLE>0.4 0.6</TABLE>
</DEFINITION>

<DEFINITION>
	<FOR>E</FOR>
	<GIVEN>B</GIVEN>
	<TABLE>0.8 0.2 0.25 0.75</TABLE>
</DEFINITION>

<DEFINITION>
	<FOR>G</FOR>
	<GIVEN>D</GIVEN>
	<GIVEN>E</GIVEN>
	<TABLE>1.0 0.0 0.6 0.4 0.7 0.3 0.5 0.5</TABLE>
</DEFINITION>
</NETWORK>
