<NETWORK>
<VARIABLE>
	<NAME>C</NAME>
	<OUTCOME>T</OUTCOME>
	<OUTCOME>F</OUTCOME>
</VARIABLE>

<VARIABLE>
	<NAME>R</NAME>
	<OUTCOME>T</OUTCOME>
	<OUTCOME>F</OUTCOME>
</VARIABLE>

<VARIABLE>
	<NAME>S</NAME>
	<OUTCOME>T</OUTCOME>
	<OUTCOME>F</OUTCOME>
</VARIABLE>

<VARIABLE>
	<NAME>W</NAME>
	<OUTCOME>T</OUTCOME>
	<OUTCOME>F</OUTCOME>
</VARIABLE>

<DEFINITION>
	<FOR>C</FOR>
	<TABLE>0.5 0.5</TABLE>
</DEFINITION>

<DEFINITION>
	<FOR>R</FOR>
	<GIVEN>C</GIVEN>
	<TABLE>0.8 0.2 0.2 0.8</TABLE>
</DEFINITION>

<DEFINITION>
	<FOR>S</FOR>
	<GIVEN>C</GIVEN>
	<TABLE>0.1 0.9 0.5 0.5</TABLE>
</DEFINITION>

<DEFINITION>
	<FOR>W</FOR>
	<GIVEN>R</GIVEN>
	<GIVEN>S</GIVEN>
	<TABLE>0.99 0.01 0.9 0.1 0.9 0.1 0.0 1.0</TABLE>
</DEFINITION>
</NETWORK>