<NETWORK>
<VARIABLE>
	<NAME>D</NAME>
	<OUTCOME>T</OUTCOME>
	<OUTCOME>F</OUTCOME>
</VARIABLE>

<VARIABLE>
	<NAME>I</NAME>
	<OUTCOME>T</OUTCOME>
	<OUTCOME>F</OUTCOME>
</VARIABLE>

<VARIABLE>
	<NAME>G</NAME>
	<OUTCOME>low</OUTCOME>
	<OUTCOME>fine</OUTCOME>
	<OUTCOME>high</OUTCOME>
</VARIABLE>

<VARIABLE>
	<NAME>L</NAME>
	<OUTCOME>T</OUTCOME>
	<OUTCOME>F</OUTCOME>
</VARIABLE>

<VARIABLE>
	<NAME>S</NAME>
	<OUTCOME>T</OUTCOME>
	<OUTCOME>F</OUTCOME>
</VARIABLE>

<DEFINITION>
	<FOR>D</FOR>
	<TABLE>0.6 0.4</TABLE>
</DEFINITION>

<DEFINITION>
	<FOR>I</FOR>
	<TABLE>0.7 0.3</TABLE>
</DEFINITION>

<DEFINITION>
	<FOR>G</FOR>
	<GIVEN>D</GIVEN>
	<GIVEN>I</GIVEN>
	<TABLE>0.3 0.4 0.3 0.05 0.25 0.7 0.9 0.08 0.02 0.5 0.3 0.2</TABLE>
</DEFINITION>

<DEFINITION>
	<FOR>L</FOR>
	<GIVEN>G</GIVEN>
	<TABLE>0.1 0.9 0.4 0.6 0.99 0.01</TABLE>
</DEFINITION>

<DEFINITION>
	<FOR>S</FOR>
	<GIVEN>I</GIVEN>
	<TABLE>0.95 0.05 0.2 0.8</TABLE>
</DEFINITION>
</NETWORK>